"ages","2.5%","25%","50%","75%","97.5%"
67.95,6.27551439947152,6.64099740491826,6.83574288109475,7.02451295532768,7.39383989776598
67.85,6.29332497678566,6.64570157396389,6.83496140688405,7.01908345900621,7.36719209046884
67.75,6.31406913999121,6.65884804327357,6.83773282395626,7.00808252522596,7.34862410870219
67.65,6.32846972766371,6.6711567055867,6.8405845317828,7.00195364784821,7.32456796715037
67.55,6.35749521086534,6.683392576383,6.84379651408211,6.99390897716467,7.30291650933935
67.45,6.38844869827834,6.69585038652538,6.8422821835489,6.98332341431031,7.27444697050977
67.35,6.43363731539126,6.70477498223831,6.84375508520135,6.97864902461658,7.2473001903084
67.25,6.46397807383388,6.72004478710804,6.84586825904547,6.97104446938574,7.21352389798011
67.15,6.49592863858467,6.73131592998771,6.84533106291192,6.9603811965682,7.18595097697881
67.05,6.54682369990885,6.74476422695016,6.84801784482186,6.9528101157343,7.15377214180668
66.95,6.58367680838985,6.76023765958149,6.85044262712648,6.94249134454642,7.11850665859064
66.85,6.61892505935598,6.77129991375836,6.85392544173975,6.93645719630462,7.09693688243292
66.75,6.63654199733814,6.78298663446745,6.85918882391056,6.93666886866253,7.09593890362276
66.65,6.65069753048859,6.79015081491778,6.8675277079238,6.9428553001815,7.08839330244704
66.55,6.6680687198926,6.8087583320298,6.88288231291959,6.95644450877075,7.09908182884215
66.45,6.70725761187647,6.83849226716713,6.9083384430833,6.98240107737873,7.11610945735226
66.35,6.74562838120773,6.87429210067814,6.94010518025593,7.00919042617097,7.14321463712724
66.25,6.79709092514288,6.91722139096995,6.98011042787426,7.04186843000527,7.16741563447362
66.15,6.84656397464281,6.95435857813391,7.01282187965246,7.06848916465841,7.17597884008992
66.05,6.85547582185065,6.95925474687561,7.01169086586383,7.06534206830178,7.17110159040497
65.95,6.81381533336049,6.93259909449104,6.99217185270998,7.05659128498421,7.19786203522646
65.85,6.78836554665684,6.90205475305814,6.96420460288641,7.03269018108546,7.19310478971478
65.75,6.7715700087834,6.88457569945974,6.94653866940864,7.01220937181314,7.161300667878
65.65,6.74734009816842,6.86166548297542,6.92430941814736,6.99085390903698,7.12365745877062
65.55,6.6971184944114,6.82085218940594,6.886064535547,6.95285429488317,7.09318809870448
65.45,6.63889901511921,6.77145557434242,6.84097604258062,6.90786815245044,7.04380942121729
65.35,6.59058580533395,6.73354577352852,6.80384697174569,6.86978488764799,7.00799009461727
65.25,6.5685042702378,6.71932526507682,6.79796784255005,6.87319265343267,7.01618245527803
65.15,6.55499811230259,6.71659575226979,6.79669079246105,6.87634498431335,7.02821839336833
65.05,6.55606640942123,6.71057259127753,6.79248050386049,6.87329579777622,7.02850119713516
64.95,6.55689982322156,6.71231046293665,6.79055906383771,6.8696297370119,7.01955651442615
64.85,6.56780648733361,6.71182207492246,6.78731365140723,6.8603623848555,7.00568593078948
64.75,6.55063865446996,6.69565593223702,6.77066546089716,6.8442345977301,6.98938858087949
64.65,6.53364850549832,6.67667917192224,6.74920071316172,6.82027999296353,6.96593364102973
64.55,6.48692328512365,6.64503726694352,6.72281145265188,6.79957798625798,6.96003294401963
64.45,6.44434743839337,6.60871985494751,6.69030152734423,6.77432578765426,6.95129379874996
64.35,6.40825924499229,6.57715514972845,6.65980591003824,6.74693466639337,6.93351799684614
64.25,6.38187014617788,6.54371046614664,6.63093492978417,6.72042153377496,6.90923858613079
64.15,6.35526985846951,6.51575905273973,6.60030154887545,6.69266530585447,6.88420224704914
64.05,6.32724980387898,6.49148959096457,6.57696809893596,6.66357908051939,6.85555978253857
63.95,6.30757317936543,6.47089389335688,6.55517726790433,6.64266054581314,6.82729288477521
63.85,6.28094866003955,6.4527053727731,6.53736935479898,6.62706103076996,6.81061937417855
63.75,6.25164726728562,6.43866384555595,6.52606806541663,6.61285636330306,6.80433090580753
63.65,6.23023878931126,6.42596553022022,6.51793664280679,6.61274162105049,6.81497419141208
63.55,6.20548601739809,6.41123881594007,6.51204739270121,6.61399812390084,6.83697624353627
63.45,6.1839150561883,6.40762786037567,6.50943896753873,6.61872662734523,6.85238561295801
63.35,6.17294837106899,6.3967051282422,6.5083299930569,6.62354297778132,6.87158095689867
63.25,6.15441256910568,6.38856555968234,6.50489816517476,6.62790681751926,6.89412700014527
63.15,6.14088459606367,6.38314759910478,6.50459461472026,6.6327588033713,6.90930506851382
63.05,6.13218198402364,6.37544322179537,6.50291040419734,6.63449116947437,6.92067815348661
62.95,6.11082013075258,6.36994875101919,6.50444365851796,6.64048717591327,6.93171170385748
62.85,6.09939529433434,6.36380751954618,6.50435307059394,6.64494921331795,6.93781769190528
62.75,6.0833605795631,6.35627011618249,6.50365011670544,6.65170674037459,6.94076383857392
62.65,6.08679437401306,6.35525339171369,6.50336549123768,6.65572700128938,6.93386026328347
62.55,6.0798476920828,6.35409127216703,6.50105399803899,6.6535796695076,6.93734478557538
62.45,6.07245137473383,6.35034621449473,6.50202632794012,6.65922392703833,6.95171087642604
62.35,6.0673113784544,6.34463675762376,6.50406749806383,6.65268042524397,6.95932252232778
62.25,6.05747993045758,6.34100537860993,6.49904968820239,6.65783808121735,6.97081647536713
62.15,6.05959859042306,6.33703335723013,6.49682463608808,6.66578909100759,6.96786238364556
62.05,6.04174535181679,6.33417322011507,6.49702686695377,6.66856804781152,6.96434082201344
61.95,6.03454066205845,6.33309879584637,6.49600276271355,6.66646383285166,6.96236116325128
61.85,6.02994017308139,6.32873632895967,6.49599097158929,6.66489453261223,6.96413506642026
61.75,6.02723361883046,6.33087428197162,6.50037828128941,6.6629990837379,6.96143500178754
61.65,6.02292282988158,6.33041370693539,6.49836736650424,6.65886830926038,6.9597313938359
61.55,6.00927838144865,6.3282138340678,6.49892265503278,6.66042689810182,6.96576067784188
61.45,6.00407703322085,6.32560368205418,6.49584705796039,6.65620229113692,6.96455699573076
61.35,5.99878026145746,6.32558821947233,6.494670294745,6.65577284749132,6.9572748576793
61.25,5.99862458552035,6.32667154289033,6.4920106155625,6.65357661132426,6.96498295914252
61.15,5.99696956409273,6.3286030363538,6.48860851590627,6.65286709568625,6.95816917939627
61.05,5.9905572752948,6.32426361696267,6.48617165441726,6.6502162023599,6.96529511763151
60.95,5.99833352361001,6.32095079392985,6.48617464286501,6.64650435857476,6.96149221544429
60.85,6.01394158778196,6.32323277921295,6.48428847428307,6.64568558886458,6.95400000190513
60.75,6.0101960755742,6.31753171588575,6.48039299114547,6.64481796602212,6.95796419025321
60.65,6.00980985457179,6.31494459870348,6.47525153126267,6.64092082348169,6.96445554395066
60.55,6.02295393503478,6.31064109849288,6.47521804651935,6.6320219738095,6.96679674716966
60.45,6.02164315760293,6.31013721312051,6.47216046437093,6.62903686928802,6.96059023127822
60.35,6.01999883021082,6.30569013518264,6.4693237068799,6.63272000899611,6.95743635312956
60.25,6.02940000731368,6.30192937115549,6.46573429060039,6.63046432875284,6.95480211889688
60.15,6.02362653831455,6.30030710611633,6.46337462609429,6.62809828972023,6.94421592638415
60.05,6.02476025586422,6.30326832377013,6.46333481975525,6.62155494420571,6.9423673360425
59.95,6.02363171379464,6.29931475895767,6.4563419482547,6.61727875592114,6.93970064743994
59.85,6.01438167387193,6.29859079420054,6.45226259773303,6.61668633258716,6.93062215387128
59.75,6.01376106561471,6.29751113888673,6.45233806252915,6.61311464870163,6.93060833092
59.65,6.0192353190858,6.29401299131721,6.45118903697334,6.609892001292,6.92465403593746
59.55,6.01722423893012,6.29244866356765,6.45283786216804,6.60965448766876,6.92358277318178
59.45,6.01761356907955,6.29358248803068,6.44862625559382,6.60319493025592,6.9218302843091
59.35,6.01079106078857,6.29352309924226,6.44748235030692,6.5989081324267,6.92045283973463
59.25,6.01226410981073,6.29012210435641,6.44777502636497,6.59383077689086,6.91686287943087
59.15,6.00705877277849,6.29124236437061,6.4469919993568,6.59037131599604,6.91125690487819
59.05,6.00542285398916,6.28413029045496,6.44596609250284,6.59051811303243,6.90736670582199
58.95,5.98977034632986,6.281338042272,6.44392116539959,6.59249111185857,6.91067569265857
58.85,5.97567301046124,6.28153947560346,6.44354440259463,6.595734566282,6.90838022228073
58.75,5.96809143100168,6.28419143992702,6.44020848309514,6.59537966036181,6.9057147613878
58.65,5.95594270207861,6.28294705179226,6.43898252758156,6.58806641900653,6.90814799751166
58.55,5.94612372808434,6.28130048285498,6.43389039921056,6.58294506648573,6.90553580091752
58.45,5.93062971855516,6.27991747735768,6.43279814179729,6.57658582188678,6.89207890247164
58.35,5.92350054376565,6.27306233421151,6.42777680975044,6.57521557522153,6.89320496537745
58.25,5.90631796050228,6.26972405735999,6.42571162195242,6.57291981193458,6.88843669633442
58.15,5.91248696490566,6.26454400481259,6.42340758689376,6.56989535122216,6.87478176282334
58.05,5.90865368021486,6.26174538757217,6.41961786024178,6.56986734709762,6.8632799003182
57.95,5.91077064519844,6.25675733969088,6.41351688381971,6.57162191631505,6.85650876871369
57.85,5.89952183355151,6.25411027233896,6.41266277194869,6.56568797388031,6.84698543773517
57.75,5.90102177165487,6.24969463039163,6.40795176537565,6.56126008670689,6.83343124118822
57.65,5.89208467089892,6.24877761137491,6.40876031353193,6.56013146015267,6.82630674902332
57.55,5.90023504142593,6.24636918248931,6.40729272159991,6.55503164235605,6.81792722804775
57.45,5.89783529911415,6.24233028088822,6.40213357125112,6.54962088949749,6.81640318813029
57.35,5.9097666131344,6.24208485953078,6.39949841521632,6.54371395863565,6.81537223329158
57.25,5.91543832314211,6.2423282229706,6.39651248307135,6.53927095264473,6.80648180445975
57.15,5.9235591726576,6.2390516907024,6.38874836559661,6.52754462674849,6.79601348336043
57.05,5.93644668401945,6.23888932086204,6.38483532486708,6.51762772060689,6.7796531686235
56.95,5.95860183428852,6.2365950854855,6.37778894039662,6.50988401247176,6.7663132293338
56.85,5.97804755057297,6.23785166296121,6.37141890371516,6.50603472475632,6.76371951399165
56.75,5.98806242397288,6.24361903798674,6.37017017256577,6.496866622605,6.76143049485316
56.65,6.01783396325326,6.26296143527941,6.38426498132288,6.50257802311802,6.76146454798494
56.55,6.05339552408944,6.29062294156216,6.41169915372612,6.52083383079923,6.76743174592942
56.45,6.10307552333895,6.33154627469944,6.44839990249335,6.56696617175212,6.82838407313647
56.35,6.15560951133631,6.38666744100205,6.50745778372509,6.63456016903056,6.91870013240456
56.25,6.22797604165015,6.45612146812748,6.58456809060012,6.7350760958672,7.00440796894866
56.15,6.30673902553492,6.54895640617538,6.69072815970508,6.84748106679496,7.14164413112707
56.05,6.40404931002396,6.66284799148813,6.80451530930431,6.9390733895424,7.17721222523178
55.95,6.51336782821276,6.78555209222491,6.90205066175009,7.05850834931181,7.19375339086351
55.85,6.64309842654831,6.8849464705254,6.99631574807166,7.10066692919725,7.20130952733813
55.75,6.76621541873289,6.97702079337092,7.0670713277947,7.12614418720232,7.21024693510276
55.65,6.84473133518074,7.02019888927838,7.0796123707117,7.12956432217754,7.21056347483897
55.55,6.85498912156236,7.01356059977951,7.0657466715764,7.11511617764088,7.20096037721634
55.45,6.79479673962535,6.98883285038203,7.04372481596748,7.09298015112512,7.18853565373659
55.35,6.73009439844679,6.95077094731421,7.01863857455359,7.07405402669497,7.17271903073226
55.25,6.65242293866514,6.88716274395941,6.97609387056058,7.0448040545425,7.15706947442217
55.15,6.58655959831811,6.81656419350152,6.91342259910233,7.00096402802516,7.13209463441339
55.05,6.54534958555719,6.75368886929922,6.84902718296594,6.94420648699051,7.09836649391491
54.95,6.50299607170309,6.69913650103927,6.79563114505234,6.88796261988501,7.06604927395841
54.85,6.46883852178477,6.65521153014991,6.74821162947795,6.84122259774711,7.01813757000837
54.75,6.44864015644491,6.61848231628362,6.70665326596952,6.79910242999074,6.96820659261384
54.65,6.43516352311947,6.59052794375761,6.67252850164084,6.75780781803913,6.9263348540677
54.55,6.42685114813378,6.57011747279121,6.64364308774996,6.72187220537811,6.88741945999346
54.45,6.43403974485527,6.56038516474675,6.62362068334653,6.69434586341011,6.8434823255175
54.35,6.4416375450067,6.55778036163337,6.61668230344289,6.67884583912454,6.82413113613609
54.25,6.45859806152104,6.56890180691377,6.6260489312374,6.69228954035585,6.8356805293915
54.15,6.47661144327353,6.59116934022977,6.65587690316412,6.73417157656666,6.8746038867599
54.05,6.50317008912153,6.62756748532548,6.70958601445682,6.78941313687052,6.92104234114991
53.95,6.53179504730677,6.67352026918525,6.76077650866835,6.832498704396,6.97400409570417
53.85,6.57381387149378,6.72572706561719,6.80004737410334,6.87076375864572,7.01896499077994
53.75,6.61869953981561,6.76578156999675,6.83572579369256,6.9111128437798,7.06696533790146
53.65,6.65580705458403,6.79571094460142,6.87003356805622,6.94955448186761,7.11507516714611
53.55,6.6739973133769,6.82487059819404,6.90505049290184,6.98531475994558,7.15002528874217
53.45,6.69543990389737,6.855975429122,6.93627315298076,7.01973416343367,7.17894714582249
53.35,6.72066354757206,6.88330448781274,6.96286187213558,7.04715071471865,7.20399117103535
53.25,6.75213315071414,6.90844485389742,6.99034248020736,7.06964846352192,7.22187435836981
53.15,6.77514582587875,6.93344077166433,7.01211905652093,7.08996005690805,7.24246894208978
53.05,6.7969529300936,6.95576146408259,7.03322038735552,7.10835803403812,7.27170690464649
52.95,6.82029672706607,6.97365079384277,7.05200849651212,7.13238050491415,7.29697021090759
52.85,6.83868694994095,6.98958019419818,7.0688882158228,7.15260753855833,7.32729990552623
52.75,6.85131789280535,7.00658587549026,7.08568293690919,7.17141985351262,7.35263270791894
52.65,6.8575866022781,7.01482457128243,7.09895082322395,7.18802281185184,7.37600375085159
52.55,6.8686685843504,7.02984114632045,7.11205642366475,7.20362217381428,7.39425009081244
52.45,6.88323336301884,7.03810463738739,7.12510728693915,7.21781230355358,7.40140392856761
52.35,6.89584845189137,7.05131166796206,7.13735820603164,7.22972566156247,7.40569362203137
52.25,6.91347739529315,7.0706140244623,7.15590836130649,7.24706120511489,7.41053811644963
52.15,6.92723740019963,7.09243378698372,7.17848722286712,7.25764961456434,7.41201275563325
52.05,6.95102709349092,7.11536255704611,7.19584243026385,7.27143217679547,7.41351736884032
51.95,6.98445968725476,7.13839536705564,7.21289716505859,7.28267540776727,7.40893032134137
51.85,7.00654421801509,7.15681263518915,7.22594169893635,7.29207997912567,7.42166290795857
51.75,7.03253555975808,7.1737508325229,7.23702552127544,7.30113295784508,7.436495905042
51.65,7.05740809237069,7.18847924440537,7.25133287177547,7.31600429077094,7.46426123809534
51.55,7.07583259657681,7.20231197599792,7.26668092604102,7.33476415767787,7.49914392513373
51.45,7.09093495341573,7.21547046870285,7.28421008357632,7.36029086078677,7.53378647084068
51.35,7.09443902530995,7.2257718043818,7.30062225853022,7.38469098942002,7.56821282809663
51.25,7.09903490432828,7.23702083988741,7.31611393078266,7.40708245324565,7.59543729288444
51.15,7.10475751851861,7.24680600096332,7.33112513953343,7.42817362156908,7.60758181735619
51.05,7.1153561396016,7.26174405507376,7.35270948390398,7.4478811300715,7.6177030030141
50.95,7.12419023593004,7.2826581930723,7.37554201167403,7.46745331528209,7.62011047409827
50.85,7.13706828963102,7.30142046342821,7.39565982086074,7.47808000305143,7.61769936675997
50.75,7.1493266818254,7.31577203740207,7.40395665256199,7.48507250829979,7.62336891740563
50.65,7.14074420387407,7.30883830592493,7.40033955890976,7.48390366430767,7.61556353756047
50.55,7.1215303386792,7.28756944484244,7.38703691073659,7.47586185903352,7.60917342537177
50.45,7.09449116393292,7.25665797988089,7.35896789116994,7.4581807986279,7.60663707194263
50.35,7.07069660459289,7.22985983457221,7.33005044411337,7.4288095513577,7.58642858450446
50.25,7.04724471036859,7.2061637904336,7.29584869507945,7.39099620666055,7.56331948438014
50.15,7.02245831507223,7.18351440538427,7.26672130647237,7.35596847958417,7.52756889671875
50.05,6.99600358126388,7.15872990410753,7.24282580624636,7.3256863694044,7.49583064488685
49.95,6.97784525184253,7.13700801152594,7.21981217031586,7.29925849259676,7.45693922616901
49.85,6.95614054050307,7.12023876335425,7.20111863804541,7.27945726698817,7.4295975963848
49.75,6.94792494023392,7.11008958403706,7.19719943814573,7.27952572990762,7.43592288905542
49.65,6.94077579160014,7.10667158511509,7.19757481757322,7.28312290794505,7.4428594311818
49.55,6.9377812613135,7.10376123656747,7.19696522312259,7.28820923068137,7.44212374124517
49.45,6.94061172757856,7.10742284240072,7.19899135617919,7.28783947281351,7.44597680202833
49.35,6.94948762323265,7.11059778640474,7.20041815157983,7.28497306855008,7.4459476282978
49.25,6.95191610768927,7.11260127385405,7.19696107215414,7.28049659173217,7.43575614945308
49.15,6.95741080302927,7.11430764196126,7.19884216600572,7.28261802056133,7.44714453419882
49.05,6.94867965175531,7.11475139515507,7.2019825398114,7.28718811580252,7.45937399195146
48.95,6.94272287795138,7.11477443094793,7.20613946017792,7.29449280167382,7.46784106626178
48.85,6.94583543675359,7.11760003610292,7.21059347774815,7.29964982641127,7.47815687694148
48.75,6.94819617015478,7.11680362169031,7.20817814067337,7.29812296427429,7.47824465621791
48.65,6.94405310581765,7.11132315111428,7.20332790871227,7.29273544658137,7.4709293407332
48.55,6.93772926610175,7.09991389787631,7.18874789695699,7.27950553168004,7.45542603895705
48.45,6.9244759440418,7.08134854932464,7.16999100561474,7.25889800859655,7.43274697162487
48.35,6.90720615783855,7.06029508188021,7.14361313512364,7.22838756104037,7.39528344089264
48.25,6.89944200355316,7.03967934160653,7.11588069503164,7.19542871531453,7.34991394116648
48.15,6.89483538094313,7.02570516904909,7.09306566882208,7.16285536395843,7.30301014834097
48.05,6.89405426696213,7.017301334913,7.08093383254822,7.14407937272973,7.2707421981879
47.95,6.89073599888526,7.01506350389375,7.08030787624073,7.14549731196922,7.27193154626167
47.85,6.88276523902045,7.01513173580093,7.08396257264944,7.15459947029971,7.28693281835138
47.75,6.86106447577688,7.00873986991648,7.08161594787512,7.15389622440306,7.29861001933358
47.65,6.84676053889134,6.99876323067786,7.07228711949523,7.14790646633258,7.29640653079204
47.55,6.83372416306441,6.98623387413503,7.06183984100026,7.13684164573855,7.28806202649592
47.45,6.81975185013978,6.9736859961692,7.04908553450821,7.12544607061629,7.2736937666724
47.35,6.80925935507963,6.95982466258154,7.03918785261076,7.11650233115557,7.26434363421185
47.25,6.78893726359073,6.94727495804497,7.02816154472038,7.11029899170976,7.26114009185731
47.15,6.76998684094152,6.93297729017682,7.01689681307428,7.10139741812556,7.2610330314543
47.05,6.75966371225637,6.92294111778717,7.00410155241018,7.08883842103145,7.24252726887915
46.95,6.75576870341015,6.90940896156499,6.9894506317637,7.07272983159742,7.22829302020764
46.85,6.74951079951354,6.89572382455758,6.97134168645543,7.05125599725564,7.20486538306839
46.75,6.74178517258961,6.88361804094556,6.95660551766727,7.02967595417979,7.17163479018936
46.65,6.73832098823902,6.87201616749944,6.94430747967115,7.0184047507391,7.15711996625105
46.55,6.72838124551743,6.86703721944614,6.93915661556482,7.01179809055917,7.15046273561534
46.45,6.72922146352033,6.86207390075996,6.93421277517053,7.00629708907832,7.13823611604884
46.35,6.72323270647433,6.85971637920101,6.93130018337401,7.00119958914981,7.13426246708218
46.25,6.71285227854422,6.85599767587421,6.92801180551991,6.99931634739651,7.1337361151269
46.15,6.70474038803472,6.84961619540473,6.92481771558725,6.99649708843101,7.13695264385575
46.05,6.69918311465795,6.84696039202528,6.91924302176012,6.98786783463188,7.1320062403044
45.95,6.70742876890083,6.84379332817497,6.91008054355183,6.97655711708287,7.11460706540203
45.85,6.71870221823154,6.84041922220691,6.90161002796817,6.96171268819302,7.08499566100518
45.75,6.72026100565752,6.83590950059822,6.89425135797329,6.95379502530603,7.06965796220805
45.65,6.71405367706281,6.8347806544592,6.89704355627767,6.96054555729235,7.08043347457625
45.55,6.71211860705573,6.8379621874717,6.90539476587247,6.97080259420262,7.09989471405822
45.45,6.71202440263367,6.84161948427569,6.90795605293131,6.97538959640117,7.10188592070928
45.35,6.71986005442918,6.84766431873992,6.91043686100932,6.97120664398433,7.0938293210507
45.25,6.72829531463719,6.84641120075968,6.9076655260974,6.96901417438895,7.08292516326436
45.15,6.718433491943,6.84138526222753,6.90015135877922,6.95714962998512,7.06815486924002
45.05,6.72288102797749,6.83213687226495,6.88886629194645,6.94456132678451,7.05552933112926
44.95,6.73129752322981,6.82944892042343,6.87961176632616,6.92932133690454,7.02637619305572
44.85,6.72698415498083,6.82701692081524,6.87809080251381,6.92789045570489,7.03130079485653
44.75,6.72242015808924,6.82938339071411,6.88434852949478,6.93962154761715,7.05258432996883
44.65,6.71584524508965,6.83207249301739,6.89257876785687,6.95110391813949,7.07253041907393
44.55,6.70884972564457,6.83442583277569,6.89888325207136,6.96300466402441,7.08694006013233
44.45,6.69924126599243,6.83378070671657,6.90205456011109,6.97261402703265,7.10469055574451
44.35,6.68066700658401,6.82647591489286,6.90210277132285,6.97840597185268,7.12423436634275
44.25,6.66619614003562,6.82308647080368,6.90273868243232,6.98016237406538,7.12789767223861
44.15,6.66603608608698,6.82013568360905,6.90203065226842,6.97822854937503,7.12912498722087
44.05,6.67402289878707,6.82406423171005,6.90100232335041,6.97517341276785,7.11863502609552
43.95,6.68806355180578,6.8288595329354,6.90065140946503,6.97287388699497,7.10711566262515
43.85,6.70502607354431,6.83174911491938,6.89632878947185,6.96349906200387,7.0912922901296
43.75,6.69945632801149,6.82541076251447,6.89150995951425,6.95629694108764,7.07938654901812
43.65,6.67608020113986,6.80705280978944,6.87836211342523,6.94681213361999,7.07174592128969
43.55,6.65670794668015,6.78906065894341,6.85871398468913,6.92969972024578,7.05712986186049
43.45,6.64778997291822,6.77860294156625,6.84548005660869,6.91470849413752,7.04248796947513
43.35,6.64432680991982,6.77308921819727,6.84143290547677,6.90697085334894,7.03578341731218
43.25,6.64930044261613,6.77227624098292,6.83848966741589,6.90473177891656,7.03180758407847
43.15,6.64396916558251,6.77639916731752,6.83892687934873,6.9027317208253,7.02694339417972
43.05,6.63602480710694,6.76912760526992,6.83754022424224,6.90550497284643,7.04002634404609
42.95,6.61288662283671,6.75646513835588,6.83072339628744,6.90769382799546,7.05226690287068
42.85,6.5869043855416,6.74496592996428,6.82512006737048,6.90624886538671,7.06382852154141
42.75,6.56930337822733,6.73535829986795,6.81714294509723,6.90025660603151,7.07107741983752
42.65,6.55917396169241,6.72842098630841,6.81110108092834,6.89811511050165,7.06751229133145
42.55,6.55486025799257,6.72131444622564,6.80105639389086,6.88563718172824,7.05266528632645
42.45,6.55325163147397,6.71509895217922,6.79842481048713,6.87743924883846,7.03374516197411
42.35,6.53677961401127,6.70688111374265,6.79137355949294,6.87171661910749,7.02896700045607
42.25,6.52095914805287,6.6964847649316,6.78382256824568,6.86648929038255,7.02808205267515
42.15,6.51494731276543,6.68723378959477,6.77293962201549,6.85765721039641,7.02705514919875
42.05,6.51515038441499,6.68291000113313,6.76436334676281,6.84937292268597,7.00794731502409
41.95,6.52779608830463,6.6792510858162,6.75841981183653,6.83613213060097,6.9881685392281
41.85,6.53871232244309,6.68220849106515,6.7565180354714,6.83128371246534,6.96895908620727
41.75,6.55026778760689,6.68958354918145,6.76276354645972,6.83247650659523,6.9636937296267
41.65,6.5702937228376,6.70403712768368,6.77175819128406,6.83980744825652,6.96854399977768
41.55,6.59577341837503,6.71835244924493,6.78175814013844,6.84772047606061,6.96992840483625
41.45,6.61003509221047,6.73044817335507,6.79366721968725,6.8595275894662,6.97456205001787
41.35,6.62430985845594,6.74324895203427,6.80532960715599,6.86787779732993,6.99035228114869
41.25,6.64584079103653,6.75873442736369,6.81687603459088,6.87607340688015,6.98820007236035
41.15,6.67897016239896,6.78278512185763,6.83438632262918,6.88532341981987,6.98404032149925
41.05,6.70082471253406,6.79603679501708,6.84380096949525,6.89211148542628,6.98217035180914
40.95,6.70911802090436,6.79846304397904,6.84403730857711,6.89061845868215,6.97930571621985
40.85,6.7047514799504,6.7909550991023,6.83700158261107,6.88405925472254,6.97405525672864
40.75,6.68946624922484,6.7773751605832,6.82226785505867,6.86738154679732,6.95421838676211
40.65,6.66933984422685,6.75910119837943,6.80357037310485,6.84738402960773,6.92899029603229
40.55,6.70692914094295,6.79163109391337,6.83576145187842,6.88099362172344,6.96638964055259
40.45,6.74258746515004,6.82668704645466,6.86918401632906,6.91210784360077,6.99594903608276
40.35,6.79398843723895,6.86927427199807,6.90994858094714,6.94965112593425,7.03587241349152
40.25,6.85028098090845,6.93298884778767,6.97840042157236,7.02507381021621,7.10900388249652
40.15,6.88345026760755,6.95238790370307,6.98865978985518,7.02360670792547,7.08830321559541
40.05,6.82043739197686,6.90022168693111,6.9423595083213,6.98669762006744,7.07264361004255
39.95,6.77923431622647,6.8623806540683,6.90614792514574,6.94849496627535,7.03370540334426
39.85,6.72225036704585,6.82455176292325,6.87691289735176,6.92875827041489,7.03644834523476
39.75,6.6732039270034,6.79241862663035,6.85042086938098,6.90944597833521,7.02431931961172
39.65,6.64533938366391,6.76606075542657,6.82353561698854,6.88262524042948,7.00193286297663
39.55,6.63914447383581,6.74548803933004,6.80233861294274,6.85960209255926,6.97578275709576
39.45,6.6303245711994,6.73439721845481,6.7890988800279,6.84427235463071,6.95164524261231
39.35,6.61390098192494,6.72053667667955,6.77686938520154,6.83325313102316,6.94147371643537
39.25,6.59577033257069,6.7069893508224,6.76556717489155,6.82459315940146,6.93686112512467
39.15,6.58173984615856,6.70035137878287,6.76061047312839,6.82093758931847,6.93297860169324
39.05,6.58273305863089,6.69893107938342,6.76150571883237,6.82263272292673,6.93419640573189
38.95,6.58997346111759,6.70606394447162,6.76528925441073,6.82302156752088,6.92980834970713
38.85,6.60034320267148,6.70677652647183,6.76340944389828,6.81747358024834,6.92090453999606
38.75,6.574795677197,6.69122318127766,6.74785502829193,6.80425403689504,6.91064114075233
38.65,6.53212878606027,6.6606158360531,6.72486562373231,6.78612321189089,6.90712793036887
38.55,6.50164594675833,6.63308761528178,6.70387658493877,6.77126293850846,6.89970367433001
38.45,6.48040822762327,6.61565625806412,6.68779558020993,6.75890717668496,6.89216147569089
38.35,6.4671080215862,6.60810632212942,6.67952869192946,6.75061208770613,6.88720231230369
38.25,6.47305577353601,6.60567060316022,6.67815136833078,6.74645072041992,6.88596785228543
38.15,6.46934335438831,6.60610825337029,6.67982977428855,6.75066130854519,6.89069912398358
38.05,6.45333060511452,6.60200898338911,6.67847063446642,6.75444733734103,6.90036125425724
37.95,6.43616119925962,6.5943940628662,6.67442848680886,6.75401480635897,6.90541628883515
37.85,6.42757956170489,6.58916970976768,6.66971814255337,6.75233172964086,6.90454705314333
37.75,6.42073746437128,6.58439570474008,6.66768296388725,6.75025323649945,6.90071943084014
37.65,6.41365233602531,6.57855823710785,6.66487350686173,6.74713621532825,6.89963044344306
37.55,6.40700557659635,6.57512385456392,6.66013969763625,6.74387995697108,6.8961843411907
37.45,6.40956852013473,6.57508773948921,6.65963676745183,6.74017762785167,6.89109637021409
37.35,6.41681872444369,6.5737507792486,6.65871895945361,6.73874338578572,6.88655485816376
37.25,6.43034782953849,6.58042788044708,6.65787475455059,6.7333179796674,6.87867348789935
37.15,6.44632077923908,6.58901126427135,6.66140055742895,6.73214613268296,6.8649754333224
37.05,6.47576419023515,6.59856801161387,6.66472743627077,6.72991307193909,6.85223558492926
36.95,6.46585446518836,6.59214596466659,6.65857578506616,6.72278069796174,6.85004181497977
36.85,6.44145854948543,6.57679184568775,6.64473597017493,6.71328888287494,6.84878488989203
36.75,6.4170042659291,6.5544690912644,6.62895709235714,6.70012246900625,6.83581389708377
36.65,6.39856008963274,6.53815626565036,6.61263334873124,6.68681714307621,6.82812630715087
36.55,6.39072785654262,6.53216187811594,6.60427516750242,6.67553489002246,6.81357779395605
36.45,6.38387486855987,6.52373063949812,6.59657703264407,6.66667280330071,6.80494038872045
36.35,6.37226281130057,6.51140323977557,6.58594974605217,6.65885445246874,6.7997666015903
36.25,6.35775402000329,6.50479595602216,6.58283899001151,6.65761336377396,6.79996356395338
36.15,6.35224021913262,6.50437992306304,6.58323217763518,6.65897928189992,6.80023251749299
36.05,6.3541944146645,6.50644059132395,6.58640556200781,6.66465653756336,6.80961164791969
35.95,6.36148461479081,6.51562529516463,6.59577288075681,6.67538520853089,6.82386710454489
35.85,6.37858629391681,6.53202094871947,6.60961402057209,6.68595110215581,6.82935246270894
35.75,6.39538064032336,6.54570626247476,6.62130424814917,6.69804200171992,6.8381146470011
35.65,6.41924053245007,6.55927740935629,6.63304983726228,6.70533496380951,6.84508220848442
35.55,6.42299158937392,6.56401727868237,6.63768841668536,6.71026864262298,6.8520772483099
35.45,6.41497040238408,6.56203117194058,6.63978801728723,6.71883060284388,6.87100623316173
35.35,6.40829935009466,6.56318139564228,6.64455756641023,6.72660410347436,6.8892814044352
35.25,6.40810974760227,6.57290934534867,6.65574782724254,6.73801399772581,6.90268368601582
35.15,6.41387206118152,6.58165518487101,6.66632786649116,6.75439682834913,6.92535998606282
35.05,6.42788058424699,6.59517409774488,6.68133422551562,6.76602529859544,6.93552410732595
34.95,6.43941241449972,6.61281422974576,6.69644980484,6.77902430610512,6.9444979314213
34.85,6.47071091657777,6.63325021819894,6.71241177565631,6.79545093310159,6.94866592394233
34.75,6.49192854305364,6.65471592879721,6.73113452967533,6.80788875257148,6.95543088304203
34.65,6.51749511368281,6.6722356190181,6.74593103166412,6.82101933862354,6.96136603193314
34.55,6.54409560785197,6.68825904394746,6.75793620962322,6.83030359961487,6.96883979637236
34.45,6.55683081893805,6.69433840981312,6.76328946611315,6.83363436745068,6.96235134587293
34.35,6.5588454893652,6.69229636777505,6.7598313392911,6.82951831180987,6.95725999086415
34.25,6.54744935058928,6.68193110410746,6.74929130800059,6.81707410518279,6.94416791320129
34.15,6.52269479619615,6.66077577550114,6.73065635191828,6.79760845814592,6.93009578061347
34.05,6.49438498009218,6.6329775642758,6.70332239509991,6.77323159610128,6.90458355405776
33.95,6.46516344711206,6.60249838904741,6.67530888537858,6.74476200324075,6.87924858122175
33.85,6.44297440277668,6.57934362490266,6.64672801271771,6.71281150380886,6.84579390357289
33.75,6.42876030833202,6.55851207472747,6.62288113531519,6.68728346475456,6.80949652169708
33.65,6.42630976882631,6.54468624303859,6.60654836331712,6.66844898018516,6.78882518828567
33.55,6.40632077577364,6.53154366897834,6.59254226598655,6.65109615645299,6.77082953048923
33.45,6.37112439660965,6.50446788020251,6.56956907781141,6.63572443705804,6.75387400264474
33.35,6.31203645071514,6.46686460068723,6.53827507485617,6.60549398136062,6.7282584134232
33.25,6.25836309656156,6.4180822383626,6.49804637594392,6.57166503298489,6.7053060417661
33.15,6.20036923413739,6.37258387881745,6.45543254657944,6.53566766818551,6.67764503266578
33.05,6.16546403186371,6.33384023296163,6.42030078661091,6.50094712224242,6.64494224434529
32.95,6.12978592870847,6.30220026996677,6.38882292016699,6.47297935908224,6.62052943197493
32.85,6.11139717352625,6.28071212764542,6.36674612002563,6.44880407706736,6.60398411879061
32.75,6.08830731347818,6.25892526458444,6.3495365029175,6.43527581749244,6.59405296619764
32.65,6.07093070740016,6.24550806347306,6.33379168751437,6.42140981939909,6.5910762606592
32.55,6.05674382507064,6.22847842493368,6.32181359294221,6.41299377822152,6.58325954476248
32.45,6.03627251913039,6.21433271921166,6.30897577655155,6.40613014795423,6.58136356124806
32.35,6.01175853455441,6.19975335146391,6.30034356964218,6.39655654240557,6.5842655867626
32.25,5.99060910484419,6.18672970122019,6.29161013502407,6.39250375100905,6.57766384472914
32.15,5.98340344753402,6.17842789344973,6.28249850470047,6.3813531747249,6.57547381252964
32.05,5.96745662330296,6.16731289735442,6.26992820520162,6.3732158958841,6.56948111780326
31.95,5.94845929596645,6.15441486652801,6.25966678592382,6.36682303329065,6.5746081800169
31.85,5.94352329638213,6.14560348774665,6.25339252548649,6.36417030926675,6.57248681069525
31.75,5.9400120320395,6.14052358774672,6.24728444073702,6.3586389723214,6.57324308902571
31.65,5.93504817759452,6.13682151998347,6.24381948772878,6.35677976355639,6.575289755664
31.55,5.93059979750291,6.13539880533103,6.24405444714959,6.35778978064254,6.57042327677485
31.45,5.93381947264203,6.1377232304076,6.24540343439932,6.35781611226239,6.56578442417456
31.35,5.94357960012551,6.14130403770556,6.24900693273133,6.35694612830973,6.56736451406106
31.25,5.94523636612928,6.14942676805741,6.25177609338377,6.3602735156168,6.56928487325836
31.15,5.94812190359155,6.15033937505477,6.25593841634985,6.36137502970832,6.56915920318828
31.05,5.95882384174678,6.15379734292338,6.25801811099962,6.36191855196063,6.56835007461288
30.95,5.96306954701311,6.15826779927276,6.26457117003091,6.36709576379972,6.5702903642398
30.85,5.9707619715205,6.16564065619227,6.26747372838625,6.36675565205523,6.57628497981385
30.75,5.97109135240724,6.16931761172218,6.27226160884053,6.37222883317224,6.5765500124422
30.65,5.97496129504658,6.17233494790868,6.2766715736877,6.37695465011965,6.575836248228
30.55,5.97994724175134,6.17697898938456,6.28149758696222,6.3806799637218,6.57521290570124
30.45,6.00097207936909,6.18483275170146,6.28769991360609,6.38271778240603,6.57251521281943
30.35,6.00667284316737,6.18946454582132,6.29073459019969,6.38791353648118,6.57798743936747
30.25,6.01348823791381,6.19342270893127,6.29253638268718,6.38738568249665,6.57350596829622
30.15,6.01841570005589,6.19764242019611,6.29469066437411,6.39500484308076,6.57823298317368
30.05,6.01934299302234,6.20192610252747,6.3000493006926,6.39641804391296,6.58601655714936
29.95,6.02039490728767,6.20744994282846,6.30566636587167,6.40618421990977,6.59744242609287
29.85,6.0196571014632,6.21001554130771,6.31006239326803,6.41653530875037,6.60744290279579
29.75,6.02863808290859,6.21529892850114,6.32123927440015,6.42496475893544,6.62292818063425
29.65,6.01853123106588,6.22227817510667,6.32472198859457,6.42883319051915,6.63254077169474
29.55,6.01363128648197,6.21458753481584,6.32266684271447,6.42847830891,6.63302720123005
29.45,5.99636107788759,6.20784077758523,6.31709312591164,6.42513495585436,6.63218904641947
29.35,5.98921444309948,6.20118935541935,6.30920302336386,6.41828529090822,6.62635669729288
29.25,5.98663531491032,6.1935770930657,6.30247259174213,6.41353758410114,6.6196960799086
29.15,5.96582815393972,6.18410323232609,6.29528264239722,6.40730429411007,6.61222667666522
29.05,5.94857169418978,6.17340145411404,6.28362691928175,6.39728193792683,6.59959511121027
28.95,5.94514542173208,6.1604294449371,6.27400154010831,6.38325752969881,6.58986835869756
28.85,5.94410602903943,6.15269916265702,6.26232272363255,6.36793521264157,6.57635431478039
28.75,5.93263241130957,6.14193533347678,6.24953497617104,6.35562186846829,6.56976493140839
28.65,5.91980053799605,6.12680011325917,6.23463556870446,6.34433328724186,6.56163534642231
28.55,5.90251116641801,6.10958204407884,6.21871985055771,6.32762508759743,6.54705891681888
28.45,5.88382049266262,6.09806296059641,6.20365878574001,6.31360974413608,6.5318091767113
28.35,5.87074904233567,6.08106753485251,6.19064270065089,6.29880285419393,6.51547598772743
28.25,5.85247123832304,6.06925378068959,6.17769066774213,6.28662452334524,6.49703699557972
28.15,5.84251461730178,6.0581732031114,6.16527152136395,6.27596650164166,6.48866736142834
28.05,5.82844980493432,6.04704065972981,6.1556865421271,6.26390166498732,6.48356918615865
27.95,5.83172763746441,6.04043240889827,6.14686992572554,6.25393886699795,6.47568531628438
27.85,5.82537234804883,6.02760647794611,6.13513605943711,6.24265376792828,6.46208894802992
27.75,5.80851883069047,6.01454732468078,6.12328662292318,6.23109096493084,6.44925116173204
27.65,5.79404869935251,6.00349851015592,6.1098503081114,6.21826317561001,6.43213498568178
27.55,5.78521646696762,5.99117364015249,6.09752749143001,6.20471543280185,6.40551142450778
27.45,5.77571028728452,5.98032589274798,6.08273639779328,6.18319882628779,6.37750374204689
27.35,5.78086963248485,5.97410484864609,6.06977165605528,6.1647923016271,6.34832161095804
27.25,5.78732675791674,5.97223033856258,6.06054988642011,6.15377296558956,6.32682244838434
27.15,5.77531594361836,5.96799576083778,6.06297355842222,6.1582400007496,6.34235260017597
27.05,5.76510926477818,5.96278579807643,6.06419887319544,6.15913859326817,6.35346761628488
26.95,5.75946472767588,5.96418153007628,6.06658552262679,6.16469925399868,6.36432840065291
26.85,5.75947475064332,5.96298217260095,6.06715075242453,6.17391182290515,6.36697150749868
26.75,5.76477821377091,5.96544281385214,6.07453817399286,6.17842877035736,6.37650498411865
26.65,5.77130439589239,5.96741746460343,6.07464455141425,6.18003567169699,6.37517093073605
26.55,5.77302343597643,5.9661953608743,6.07615771491901,6.18036597268309,6.38030464217158
26.45,5.76956711124286,5.96524177257992,6.07142462236569,6.1764220959311,6.37935285813861
26.35,5.76337585911423,5.96681128982732,6.07022610731284,6.17212728009028,6.37686770538496
26.25,5.76139015393019,5.96195883287981,6.063381803884,6.16952569174452,6.3649032118309
26.15,5.76572149735339,5.95631194905866,6.06093656983636,6.16472045856281,6.3649021986432
26.05,5.7553657007941,5.95691704830644,6.05756781947678,6.15846302325986,6.36032639884046
25.95,5.75215227568273,5.95148830435758,6.0560601856575,6.15844659081755,6.3568142214627
25.85,5.74599955694013,5.94758673775423,6.05149324619469,6.15405197379298,6.34649471870705
25.75,5.74014101577926,5.94222008201324,6.04731635664649,6.14944913418835,6.34690081891572
25.65,5.72959482137802,5.93888655063997,6.04255123798132,6.14419193739204,6.33730828731047
25.55,5.73198078214504,5.93507349826236,6.03641938571278,6.13490910966166,6.33075270790541
25.45,5.7374276379653,5.93333278643695,6.03100045481888,6.12872840981712,6.32153601484812
25.35,5.74455555622346,5.92772399749022,6.02497885503175,6.12168037799225,6.31470617741437
25.25,5.73247100200927,5.92437440620736,6.01780661650443,6.11455333427112,6.30248627337989
25.15,5.73081733035255,5.91598212199489,6.00998313658872,6.10934860604183,6.29735706565817
25.05,5.71904744899949,5.90748189356109,6.00428300984461,6.10255900550396,6.29048764738486
24.95,5.70748673524289,5.89982642308894,5.99479260491725,6.09367547271844,6.28315290579092
24.85,5.69702555986381,5.88405196446919,5.9816759816491,6.08012422569633,6.27256113774022
24.75,5.67296499114936,5.86435306908353,5.96260366271122,6.06136498577752,6.25285378982547
24.65,5.65074955935745,5.8375817033111,5.93568999708834,6.03491355907772,6.21791079859467
24.55,5.62651577098951,5.81076851058508,5.90489413617267,6.00150301266444,6.18288294012166
24.45,5.59530774933538,5.77656799648805,5.87034460508434,5.96648730242259,6.14640912736839
24.35,5.56614443795678,5.74178672844127,5.83397895319205,5.92788443867418,6.10439653031031
24.25,5.53259024868849,5.70558989745705,5.79614436252484,5.88341349521257,6.06108075419183
24.15,5.50639394527301,5.66872179569686,5.75107579334525,5.83462965370207,6.00320391560604
24.05,5.4923317024643,5.63725542636845,5.70925659091212,5.78485972943565,5.93916543436904
23.95,5.48719238374529,5.61560440450177,5.68237435969788,5.74992664186241,5.88791566768851
23.85,5.48115209243236,5.60154123800258,5.66688298590195,5.73061944023714,5.85872695110058
23.75,5.47300265097132,5.59021634241764,5.65702650113998,5.71966749337889,5.8440678347335
23.65,5.46679382402054,5.58554046885265,5.64931536198675,5.71279400106621,5.83434410097834
23.55,5.46190426746244,5.58730451414301,5.65151091741647,5.71569892666783,5.83974862778266
23.45,5.46333118251866,5.58631687663196,5.65050578408279,5.71200969555015,5.83256380536708
23.35,5.46864479263609,5.58892894099102,5.64802166638063,5.70711466651043,5.81847217246496
23.25,5.47801228198364,5.592161293283,5.65047746065159,5.70900474589434,5.81537527424916
23.15,5.49195748202167,5.59970780700432,5.6550534429162,5.71134275193948,5.81607633655743
23.05,5.50472408795859,5.6067077575254,5.66010179506376,5.71284118422689,5.81337316634812
22.95,5.50720822009196,5.60831740468491,5.66092407471693,5.71330005553837,5.81673142489532
22.85,5.50834103586792,5.61205732677492,5.6664056710767,5.71705226925469,5.81989750043137
22.75,5.52169227270574,5.63302023029387,5.68717086490458,5.74274376015886,5.85541264553835
22.65,5.55567996972779,5.66302724486598,5.72380060877191,5.78404121400248,5.90044954689924
22.55,5.5752102556374,5.69266888932115,5.75645068945999,5.81849802017533,5.94524752371594
22.45,5.58403391108827,5.70877336660329,5.77902936349239,5.84441077514681,5.98042586124233
22.35,5.57967594072732,5.71925127851725,5.79234465906179,5.86561213453167,6.01279870276026
22.25,5.58491524812839,5.72797873804546,5.80439105142156,5.87852057452752,6.02599393751175
22.15,5.59381013910008,5.73601348407085,5.81064843196798,5.88820857438778,6.03326631156737
22.05,5.59741921616104,5.7418931020474,5.81923104547117,5.89676954369871,6.04382358395837
21.95,5.6093131962683,5.75628896824096,5.83277012183049,5.91088544984934,6.06049021987995
21.85,5.62832945053438,5.77243024124703,5.85176993435095,5.92639310334106,6.07635258505917
21.75,5.64052273998182,5.78308401819082,5.86053894415711,5.93620019149412,6.0850519656912
21.65,5.61874985268335,5.77041111337108,5.84747072287457,5.92649847876264,6.07546045688616
21.55,5.59874309792646,5.75641687990818,5.83672959787228,5.91564818648341,6.07100513900617
21.45,5.58636918960191,5.74728174410695,5.8293169209853,5.90894381122539,6.06361404443108
21.35,5.57851139678699,5.74302811547902,5.82287501634527,5.90278254437595,6.06469784261082
21.25,5.57885961077019,5.73851305512793,5.82391613272548,5.90652601236218,6.06506786458331
21.15,5.57017831290722,5.7409785348771,5.82740757120617,5.91388845473961,6.07047458150949
21.05,5.56622031952659,5.74151030489158,5.83009264072606,5.91691989711361,6.07285066090118
20.95,5.57135733813675,5.74570318278018,5.83161830218523,5.9179648704073,6.07804655651241
20.85,5.57614244886586,5.74540891024172,5.83264758609063,5.91894133528729,6.08121503645159
20.75,5.57623893807271,5.7439483498047,5.83226263339711,5.91677548653569,6.08268648556583
20.65,5.57253905675775,5.74131917821212,5.82934883845878,5.91637866790114,6.08283121859266
20.55,5.56821669704136,5.73586725735004,5.82144051905003,5.90775092657583,6.07241043753899
20.45,5.55554513226619,5.72871119753854,5.81425338870841,5.89834599643,6.05220694622039
20.35,5.54865837458425,5.71933404050248,5.80362144339515,5.8846576141323,6.03518159368464
20.25,5.54913951130598,5.706865749409,5.7882672925019,5.8714008078422,6.01778739711527
20.15,5.54331161825183,5.6980545053426,5.77749689650555,5.85720938784294,6.00285065945018
20.05,5.54101583968893,5.69541670264902,5.77629132025631,5.85473230298543,6.00234424624193
19.95,5.54258424718093,5.6995870937718,5.77932615872735,5.85961253597527,6.01042110447848
19.85,5.54484996695747,5.70304199303273,5.78526099826019,5.86721059262595,6.0228273044371
19.75,5.5445508265775,5.70906316781349,5.79265311835211,5.87910817664804,6.04167550080366
19.65,5.54406300527249,5.71482206294322,5.8021264491857,5.88846009844807,6.05007591652846
19.55,5.55497632947013,5.72384661386313,5.81303023097384,5.89656906864528,6.06262447165772
19.45,5.57032533205649,5.73772017582769,5.82216471659843,5.90582207195904,6.06844964058607
19.35,5.59153946903234,5.75176026638512,5.83317574992881,5.91772697673431,6.07605604011885
19.25,5.61374144133136,5.7711934658405,5.85005837940846,5.92741675230647,6.07861154426803
19.15,5.62421599183134,5.7828026367958,5.86347511764718,5.93658273041393,6.08784693656985
19.05,5.62924860653377,5.79195807050504,5.87244141731094,5.95231219264765,6.11089743076447
18.95,5.63515872575312,5.80399869192073,5.88610522081353,5.96721136688333,6.12912730486901
18.85,5.64760405185617,5.81433306130227,5.89809174464625,5.97780562143625,6.13587172189205
18.75,5.66497660661873,5.82356996457901,5.90383253057564,5.98828006481275,6.14147222876497
18.65,5.6815458914313,5.83248327249562,5.91504835706267,5.99674393004789,6.15050942965298
18.55,5.70688757568086,5.85953792394678,5.9369063789777,6.01781221742032,6.17641127981096
18.45,5.73375275488248,5.88919096108005,5.96999153417901,6.0500448422152,6.20966657036708
18.35,5.77341156746716,5.92414140390351,6.00472889606591,6.08461335773335,6.23435997980284
18.25,5.81002904113002,5.96430190735401,6.04513397833117,6.12385726099771,6.26988876659352
18.15,5.83565575292087,6.00558058683716,6.08951729586577,6.17400367529854,6.32673935627027
18.05,5.85951559475464,6.03630784348231,6.12315143607405,6.20631976936244,6.36433362766397
17.95,5.87087916076631,6.04894682640593,6.13609698679136,6.22130751849612,6.37291179195656
17.85,5.85771917278338,6.04207000165651,6.13545259338629,6.22479781005935,6.38778629068277
17.75,5.83419143397433,6.02715677058269,6.12567226596711,6.2152500638296,6.39153466390907
17.65,5.82243151811555,6.0063945105304,6.10480943110861,6.19917119388005,6.38016559184085
17.55,5.80981314801582,5.98632922297915,6.08125783330516,6.17426446138698,6.35238624917603
17.45,5.80097590885041,5.96877337837369,6.06027034934067,6.15137729806405,6.33507581192019
17.35,5.79506018611933,5.95798405004124,6.04580073356608,6.13424103622678,6.30875457317606
17.25,5.79606076759606,5.9490216172587,6.02988927557901,6.11201793232977,6.28480587887376
17.15,5.79739689695327,5.93951864070711,6.01391084658125,6.08934747494177,6.2421850727342
17.05,5.81231410421574,5.93946987276398,6.00910841793145,6.07840583287488,6.21049563279336
16.95,5.82780801165079,5.94760602373005,6.01054358166826,6.07264294985073,6.19572194747102
16.85,5.83953268590174,5.95833001926194,6.01952387443693,6.07878114136484,6.191191060609
16.75,5.83305220705339,5.9583669087802,6.0198703202785,6.08087218018201,6.20008552701529
16.65,5.83012894834607,5.95776374074383,6.01776028061768,6.08078583696572,6.19709720585241
16.55,5.84714787068528,5.96476577531539,6.02303606982078,6.07832313935736,6.18411027222941
16.45,5.87353091340017,5.98414164760685,6.03631498651723,6.0871501432879,6.18231033501353
16.35,5.92249395640086,6.02650680463217,6.07759215398755,6.12464209255935,6.2109323369147
16.25,5.98428529276688,6.0802485836033,6.12544179497029,6.17012259315728,6.2559669408058
16.15,6.04300185452485,6.12107619668781,6.16225213801634,6.20395776637978,6.28487077490785
16.05,6.07488268880578,6.15085861530475,6.19301394252804,6.23373655329216,6.3177766732202
15.95,6.08987345915428,6.17093884967283,6.21427418447638,6.25782422997556,6.34417400832187
15.85,6.09122476219825,6.17862982095811,6.22285387866687,6.26741956534635,6.35502170373737
15.75,6.06009893861849,6.16683799663287,6.22036980286291,6.27244974968485,6.37310985541794
15.65,6.00906487937626,6.1414344852574,6.20703738460858,6.26885124468749,6.38909720094685
15.55,5.97006601130411,6.11330789727951,6.18676806741988,6.25832654638398,6.3986014495429
15.45,5.94271366641683,6.091512410133,6.16858272174866,6.24663312190858,6.39423703632995
15.35,5.92075886677643,6.0727693299208,6.15303805480951,6.23275538773547,6.38236593062863
15.25,5.90450875889653,6.05397360066499,6.13258235035556,6.21077792859375,6.36736431045805
15.15,5.87624539333236,6.03114713159646,6.10815598013119,6.19003514434402,6.34450667686257
15.05,5.84404526960809,6.00265548077813,6.08500551691244,6.1631512156089,6.32234488540182
14.95,5.82069123938014,5.9790589895061,6.06182244742155,6.14234451065564,6.2960773555102
14.85,5.80213400357835,5.9564927468762,6.03899574260238,6.11958109408457,6.27161701788264
14.75,5.78532818544331,5.94004677239304,6.02117630814944,6.09963893874517,6.25119160817123
14.65,5.7739931283641,5.93225845368542,6.01283703669356,6.09214278083983,6.24349070203729
14.55,5.78423548293483,5.94054073229598,6.02114684103585,6.09894816205046,6.24609614852666
14.45,5.81120755730228,5.96090082148394,6.03784135171447,6.11292063494274,6.25988340681087
14.35,5.83880607909831,5.98462367796562,6.05812666838198,6.134911696559,6.27660874771281
14.25,5.86377833879834,6.003677714499,6.0775300345855,6.14832114802882,6.28979491479606
14.15,5.88641179356312,6.01373900223187,6.07808726480705,6.14391757692751,6.27638619651957
14.05,5.89272504090736,6.00829005451348,6.06660821413674,6.12552787783107,6.23833993462784
13.95,5.8699733662105,5.97156547465718,6.02505738950938,6.07974810519578,6.18413879263891
13.85,5.80959793831809,5.90699961982717,5.95676348752646,6.00832604959214,6.10816244095278
13.75,5.73921503321133,5.84512926815905,5.89859104442186,5.94844649454892,6.04825575982223
13.65,5.68911647947429,5.7996675569795,5.85686096566848,5.91320793523332,6.02231002590465
13.55,5.65143282781666,5.767699276381,5.82821627260835,5.88811241970791,6.00361703482781
13.45,5.6216255890948,5.74393836346006,5.80625677041372,5.86724908429964,5.98604762117678
13.35,5.59313048082902,5.72334707894282,5.78745790255528,5.84950540778243,5.97191591824442
13.25,5.56472239128058,5.70132898392146,5.76787137685779,5.83302732268528,5.96250129779192
13.15,5.53171569948917,5.67439683451512,5.74549787324478,5.8143207757983,5.94485914571768
13.05,5.51292793054882,5.65318674219617,5.72400266364977,5.79261725498199,5.92725229896915
12.95,5.50235509433804,5.63754556649441,5.70661443861205,5.77529683370307,5.90853643891661
12.85,5.49799197660608,5.63134718435731,5.69891565356255,5.76519002232537,5.89531880385558
12.75,5.49353852794211,5.62288821082274,5.68797466040908,5.75478306171802,5.88521849652109
12.65,5.49333011396078,5.61999647856653,5.68444504968722,5.74718093731687,5.87093279453223
12.55,5.49731903643671,5.62594723398044,5.68861556686191,5.75244011144184,5.87665576774754
12.45,5.49602245390794,5.63134894122915,5.6955089125459,5.76051074673756,5.88636228489264
12.35,5.49696193402934,5.62859111125409,5.69397194738039,5.76088402807942,5.89032944094964
12.25,5.49393846701793,5.62631675817343,5.69339081242526,5.7622789346048,5.89209291897358
12.15,5.49379989276578,5.62885925383871,5.69839199586,5.76852668825777,5.90385359290595
12.05,5.4929779501047,5.62971217998915,5.70294240966358,5.77582780859002,5.91241195790883
11.95,5.49603329913558,5.63736513129996,5.71029451925424,5.78773731802545,5.92703869714365
11.85,5.50435100224467,5.65042871456858,5.72534251224896,5.80034726812988,5.94058070068022
11.75,5.52219870856893,5.66421029021503,5.73602324545671,5.80920009773927,5.94582321773089
11.65,5.51727831631052,5.66198516037748,5.73541437825738,5.80802351834911,5.94429239786056
11.55,5.49740543307588,5.65049349846128,5.72600247209135,5.79897954558247,5.94600194591471
11.45,5.46721251971194,5.62793729049611,5.71123553261775,5.79268639796595,5.95176437436743
11.35,5.44136285614205,5.6132516076329,5.70166783105977,5.78543309942159,5.94745482951406
11.25,5.42668309232788,5.59900641247659,5.68921664248334,5.77624468445232,5.94729956258302
11.15,5.41671166582265,5.5875963694532,5.67706188910728,5.76847520957879,5.94789747570992
11.05,5.39873154016577,5.57952229058584,5.66870035959747,5.76135394966452,5.93955717273652
10.95,5.38837319021053,5.57071753883214,5.65943694155566,5.75160784430351,5.93490398236418
10.85,5.39394988111991,5.5659671017356,5.65335743184534,5.742402823625,5.91518309643596
10.75,5.40285814539595,5.56786583001868,5.65105759560908,5.73468804620853,5.89808603065249
10.65,5.41706085818858,5.5704778295543,5.64822080746145,5.72844534824307,5.88233805506803
10.55,5.40869396113342,5.55892821775429,5.63801332966926,5.71801829872517,5.86524688588999
10.45,5.39123397788049,5.54281024745103,5.62327938725225,5.70233153276969,5.85225494799441
10.35,5.3838232798087,5.53428992963976,5.61434053844935,5.69352430942998,5.84300399070744
10.25,5.38006251032062,5.53339671794543,5.61432210244428,5.69303431097004,5.84239433171187
10.15,5.38111154849339,5.53674727997512,5.61565318416335,5.69371415747312,5.84277187742326
10.05,5.39604678082726,5.5489329883997,5.62566566279052,5.7030973991428,5.8474186051656
9.95,5.41531305386502,5.56490098808913,5.6389952078277,5.71509269049559,5.85914671002479
9.85,5.43257824330291,5.57736111907877,5.65521316085435,5.73016528148743,5.87699426688135
9.75,5.43183063259245,5.58710525007044,5.67124931719861,5.7543448726999,5.90410462656297
9.65,5.44819844174491,5.60562852669842,5.68849450980616,5.77279604900162,5.93380356034896
9.54999999999999,5.46222230357383,5.62436169842398,5.70720132446767,5.79117758065206,5.951849669245
9.45,5.48742834137732,5.64714267932251,5.72842275669505,5.81042812194969,5.96387522867748
9.35,5.52490260442584,5.67770697300127,5.75629216368031,5.83443466150742,5.98474122447543
9.25,5.54427806946673,5.69957291650859,5.77710780188379,5.85409369273278,6.00693153766886
9.15,5.54984729940756,5.70810858503894,5.78905810890328,5.87391101319336,6.03760848169853
9.04999999999999,5.55305921387656,5.71706906750735,5.80078284767623,5.88754995950935,6.06326404110816
8.95,5.56522480793677,5.72902565998313,5.81319816924111,5.90207831127281,6.08106757933763
8.85,5.58062470345535,5.74936539203907,5.83545456898272,5.92172696476622,6.0970262283629
8.75,5.61118714416435,5.77284099335838,5.8562693452788,5.94273572233594,6.11521854945265
8.65,5.64492395446095,5.79499728171118,5.87683844597982,5.95738576426047,6.11764128202925
8.54999999999999,5.65537928039137,5.80021070236419,5.8784118503185,5.95646322124969,6.1078333873117
8.45,5.62869378449238,5.77916486443948,5.85997958698084,5.94022828712769,6.09015263491215
8.35,5.59065278577726,5.74600029125938,5.82792079241321,5.91111623038845,6.06952122133836
8.25,5.55508016089105,5.71595401043011,5.79909622066634,5.88191390357303,6.0459456649489
8.15,5.52562882515998,5.69396004998643,5.78048920116225,5.86674344796801,6.03064871574699
8.04999999999999,5.5097610594765,5.67164088943127,5.76241217195877,5.85440986192508,6.02070678548432
7.95,5.48382503482592,5.66132079958174,5.75403400085681,5.84521492285231,6.0163919623073
7.85,5.47399560772651,5.6498919170422,5.74276600932954,5.83385147941074,6.00634285623035
7.75,5.47005288869536,5.64255489166606,5.73109039322359,5.81910990913403,5.98519118917485
7.65,5.47302044501882,5.63990096711337,5.72324061337522,5.8081692980099,5.96957544512062
7.54999999999999,5.47756454840669,5.64506831683361,5.72857098281281,5.81075899739636,5.97038826772714
7.45,5.48778055579831,5.65315083620098,5.73497768564114,5.81634977214356,5.96998316545534
7.35,5.51372667169113,5.67030900783322,5.74798655463267,5.82371338510533,5.97514320050145
7.25,5.55282298654831,5.70083446692107,5.7784944316144,5.85267824789177,5.99352544456984
7.15,5.59678716049368,5.73442851341667,5.80740599613524,5.87756857193525,6.01943837214402
7.04999999999999,5.63778056068489,5.76880210959073,5.83310391915561,5.89729783007908,6.02719523681046
6.95,5.65264702387418,5.77606897569544,5.83883360458431,5.8995988370982,6.01537472113275
6.85,5.67351625472862,5.78601289773099,5.84287451305428,5.9000769419634,6.00528502088653
6.75,5.69302248829978,5.79654877350576,5.84832386404574,5.90102343578102,5.99832501167756
6.65,5.70944034384402,5.80079054947852,5.84685246048026,5.89390685349217,5.98237988608852
6.54999999999999,5.69503058692571,5.78108791661015,5.82578853469992,5.86969122093459,5.95163498611677
6.45,5.66432257018474,5.74840121450888,5.79340874646896,5.83856921972668,5.92171281322313
6.35,5.64552117981565,5.73260237974541,5.77868889023177,5.82181876626826,5.90440197456938
6.25,5.6414731745032,5.73499703774949,5.78147561084986,5.82749780971981,5.91647223690666
6.15,5.63290729385236,5.724017764998,5.77193226908505,5.8198949915413,5.91041268034676
6.04999999999999,5.62314104898362,5.71188342621495,5.75700013062306,5.80292853901506,5.89218999604014
5.95,5.62435744362149,5.71023548730362,5.75522204946703,5.80003133965801,5.88335263806521
5.85,5.64260078505268,5.72406496753816,5.76529948613176,5.80767912096803,5.88776250047097
5.75,5.65861970643726,5.74085029209798,5.78311977503595,5.82641966522751,5.90551934155972
5.65,5.67081033925593,5.75211362514785,5.79534766764292,5.83760333304821,5.91882565389062
5.54999999999999,5.68441407649212,5.76788360905454,5.81055739541304,5.85175077210118,5.93508097526304
5.45,5.69423249714123,5.77436032015689,5.81576030794244,5.85665483855445,5.93821210352233
5.35,5.69321134095034,5.77201846402261,5.81220678284647,5.85238375504334,5.92886272056236
5.25,5.68146411558646,5.76091387620884,5.8019801931797,5.84305786593828,5.9235935203638
5.15,5.67669157183493,5.75832205050387,5.80067369555491,5.84286246132693,5.92196444139246
5.04999999999999,5.669757850232,5.75399849859203,5.79810878112537,5.84094090812904,5.92516670485546
4.95,5.65625293669924,5.75139071498417,5.79972399137808,5.84686484831246,5.93963030392996
4.85,5.64130282848748,5.74945100147926,5.8041596289566,5.85590654235337,5.95933775949052
4.75,5.64191703964785,5.75318931338121,5.80822013337639,5.8634673874157,5.97277051161636
4.65,5.65765973516938,5.75806503663603,5.81032578340147,5.86224485756821,5.96415897263485
4.54999999999999,5.64084202655256,5.74852304235383,5.80438333196168,5.86170236714575,5.96926516449342
4.45,5.64086140779001,5.74552211283051,5.8009884787566,5.85487498199677,5.96293067017536
4.35,5.6506861883639,5.75287661826998,5.80606794088791,5.8589268153758,5.96170186818277
4.25,5.68096585200691,5.77125880919054,5.81667205246528,5.86281515966402,5.95124252299142
4.15,5.66926161705675,5.75112799884716,5.79541845912045,5.83917914152734,5.9196199832313
4.04999999999999,5.66247481611259,5.73630056315737,5.77501807193255,5.812629298676,5.88537838471073
3.95,5.61387987747203,5.69435564776116,5.73636789360166,5.78005795804907,5.8602258200226
3.84999999999999,5.55827080496441,5.65037204478511,5.69601685221441,5.74009278015087,5.82256017153465
3.75,5.54232546003161,5.63219133768159,5.67698592817745,5.72236407079533,5.80622459400034
3.65,5.53549467241183,5.62162047832476,5.66527769379993,5.70984717305194,5.7959940219163
3.54999999999999,5.55297490080332,5.63239599709786,5.67344054735317,5.71560408726878,5.79069275654911
3.45,5.59477822103811,5.66781504188197,5.70525047192384,5.74053110597395,5.80722286318162
3.34999999999999,5.74994747135629,5.78906508375342,5.8100759977727,5.8316820800985,5.87312795621476
3.25,5.78287953851944,5.81340092485534,5.82965138696655,5.84590586343311,5.8760401087344
3.15,5.73455213665968,5.77582101305924,5.79822240521381,5.82000971684041,5.86487642143191
3.04999999999999,5.73031424848127,5.78247469867719,5.80948610931063,5.83694468075762,5.89001942987331
2.95,5.66811235059409,5.72782361341575,5.75734477375504,5.78638201762643,5.84182224287351
2.84999999999999,5.6333813142751,5.67790632097244,5.70140637349321,5.72508477040345,5.77136250170327
2.75,5.55996227969851,5.60479319919158,5.62712624539265,5.64951300553762,5.69103234266077
2.65,5.5874570313322,5.63428475038119,5.65995987070779,5.68337557788031,5.73280805092191
2.54999999999999,5.65295501064246,5.70494713705494,5.73303269921186,5.76078539449059,5.81385234976154
2.45,5.67977685614572,5.73449188440298,5.7627796673611,5.79120985546251,5.84738121616294
2.34999999999999,5.53855753785996,5.60569608461103,5.63991092432465,5.67172179668309,5.73525665825371
2.25,5.47764656124202,5.54400352638503,5.57916496758341,5.61370534906446,5.6817913129176
2.15,5.41908727420237,5.49098086984754,5.527838630646,5.56366828916163,5.63421642423484
2.04999999999999,5.44514954718788,5.50955216380518,5.5416132159601,5.57630585068994,5.63958683091324
1.95,5.38382558728747,5.46017792826504,5.49997138041694,5.54009590235221,5.61803429259932
1.84999999999999,5.37406274512596,5.44329706805036,5.47923203718297,5.5148726352043,5.58259163888881
1.75,5.35804196526959,5.42366485330992,5.45683022563563,5.48992867554901,5.5537154736755
1.65,5.4027253600303,5.45911759866483,5.4899735371937,5.52075896831679,5.57971946712005
1.54999999999999,5.46319641959426,5.49490805571669,5.51271655305558,5.53016236314954,5.56312671317577
1.45,5.45283230953233,5.49363933274453,5.51513764945221,5.5361072160028,5.57575641183267
1.34999999999999,5.41020265619449,5.46919035293339,5.49996071182395,5.52971888712952,5.58662120956337
1.25,5.49402638253156,5.52715225369747,5.5439595070732,5.56045033758948,5.59241057264198
1.15,5.50149171470542,5.53812555524651,5.55557530526514,5.57382626014657,5.60756024413052
1.04999999999999,5.45467831780218,5.51721878416206,5.55032794336337,5.58388616528244,5.64797655135464
0.95,5.3830434981128,5.45551780043534,5.49156876888192,5.52785212513441,5.59964290145422
0.849999999999991,5.3309061041093,5.41016950872569,5.44791326669751,5.48848046840107,5.5665486030502
0.749999999999997,5.33344660449143,5.39477466055664,5.42576075111815,5.45790407459755,5.5171539195951
0.650000000000003,5.32367543039757,5.39744781121134,5.43552789330902,5.47425173832101,5.5477037257899
0.549999999999994,5.34772484534245,5.41922437111394,5.45721953701925,5.49679944674422,5.57096674983521
0.45,5.39621637156485,5.45575231071968,5.48652790477284,5.51758541731707,5.57800652490943
0.349999999999991,5.40279447207029,5.46091923837336,5.49261788733974,5.52351347927758,5.5858760942003
0.249999999999997,5.4198787676233,5.45966912714429,5.48132167299114,5.50222714962573,5.54000843502835
0.150000000000003,5.45523550794469,5.48728988918569,5.5032003404806,5.51992061715021,5.54939901005044
0.0499999999999943,5.38733594734629,5.41891500864578,5.43563045186657,5.45300294907536,5.48466741315574
